site_order,needs_selenium,site_url
2,False,https://factorybuys.com.au
3,False,https://dunlin.com.au
4,False,https://themodern.net.au
5,True,https://furniturefetish.com.au
7,False,https://home-buy.com.au
8,False,https://interiorsonline.com.au
11,False,https://edenliving.online
12,False,https://ourfurniturewarehouse.com.au
13,False,https://cane-line.co.uk
17,False,https://vastinterior.com.au
18,False,https://hudsonfurniture.com.au
20,False,https://dhfonline.com
22,False,https://tandemarbor.com
23,False,https://perchfurniture.com
26,False,https://modshop1.com
27,False,https://scandesign.com
28,False,https://sofamania.com
30,False,https://4-chairs.com
34,False,https://do-shop.com
35,False,https://claytongrayhome.com
37,False,https://acmeshelving.com
42,False,https://cityfurnitureshop.com
46,False,https://emfurn.com
48,True,https://nicoyafurniture.com.au
49,False,https://galvinbrothers.co.uk
50,False,https://tyfinefurniture.com
51,False,https://24estyle.com
52,False,https://shopspencerfurnituresiouxfalls.com
53,False,https://bryantscountrystore.com
54,False,https://vincentdesign.com.au
55,False,https://magnolialane.biz
56,False,https://blupeter.com.au
57,False,https://cranmorehome.com.au
58,False,https://vavoom.com.au
61,False,https://loungesplus.com.au
62,False,https://yellowleafhammocks.com
63,False,https://asplundstore.se
65,False,https://runyonsfinefurniture.com
67,False,https://karladubois.com
69,False,https://viesso.com
70,False,https://floydhome.com
71,False,https://mybudgetfurniture.com
72,False,https://fiveelementsfurniture.com
78,False,https://wardrobe-bunk-bed-sofa.uk
81,False,https://kokocollective.com.au
83,False,https://warmnordic.com
85,False,https://mulamu.com
88,False,https://waynesfinefurnitureandbedding.com
91,False,https://totalpatioaccessories.com
94,False,https://jensen-lewis.com
95,False,https://popandscott.com
96,False,https://shophorne.com
97,False,https://cultdesign.co.nz
99,False,https://thebrick.com
100,False,https://capsulehome.com
103,False,https://gowfb.com
104,False,https://allwoodfurn.com
105,False,https://decorum-shop.co.uk
106,False,https://lostine.com
109,False,https://mainecottage.com
111,False,https://homeresource.com
115,False,https://idcmn.com
117,False,https://stealasofa.com
118,False,https://urbanfurnishing.net
119,False,https://vancouverwoodworks.com
120,False,https://kannoa.com
123,False,https://osmen.com.au
125,False,https://thefurnituremegastore.co.uk
126,False,https://contempoconcepts.com
127,False,https://eurolivingfurniture.com
129,False,https://sarahellison.com.au
131,False,https://midinmod.com
136,False,https://hauslondon.com
137,False,https://allworldfurniture.com
138,False,https://decorium.us
139,False,https://softsquare.com
142,False,https://huckandpeck.com
143,False,https://najarianfurniture.com
144,False,https://qualitywoods.com
145,False,https://mybossfurniture.com
147,False,https://americanbackyard.com
150,False,https://craftassociatesfurniture.com
151,False,https://huset-shop.com
154,False,https://sika-design.com
156,False,https://thebellacottage.com
157,False,https://skandium.com
159,False,https://sjotime.com
160,False,https://puji.com
161,False,https://littlepartners.com
162,False,https://jeremiahcollection.com
163,False,https://shoptorious.com
164,False,https://thefinestore.com
166,False,https://lorfords.com
167,False,https://arighibianchi.co.uk
168,False,https://idlehands.design
171,False,https://bastilleandsons.com.au
172,False,https://classicwithatwist.com.au
173,False,https://apato.com.au
174,False,https://thewoodroom.com.au
175,False,https://thebanyantree.com.au
177,False,https://hauserstores.com
178,False,https://boahaus.com
180,False,https://livingbydesign.net.au
181,False,https://living-home.co.uk
182,False,https://relm.com.au
186,False,https://hatihome.com
188,False,https://modernkomfort.ca
189,False,https://aarniooriginals.com
190,False,https://chansfurniture.com
191,False,https://alasaw.com
192,False,https://hedgehousefurniture.com
195,False,https://ameriwoodhome.com
196,False,https://homeandstyle.com.sg
201,False,https://oakforless.com
203,False,https://getmycouch.com
205,False,https://homestreethome.ie
206,True,https://myshopify.com
207,False,https://myconcept.com.hk
208,False,https://newforestrusticfurniture.co.uk
210,False,https://vauntdesign.com
212,False,https://kolocollection.com
213,False,https://asianteakfurniture.com
214,True,https://myshopify.com
215,False,https://jordanshome.ca
217,False,https://barnabylane.com.au
218,False,https://urbangalleria.com
219,False,https://modernfurniture.com.au
220,False,https://granitelane.com.au
221,False,https://teak-furniture-singapore.com
222,False,https://teak-warehouse-sale.com
224,False,https://modishstore.com
225,False,https://stylemyhome.com.au
226,True,https://myshopify.com
227,False,https://teakco.com
229,False,https://boulevardoutdoorfurniture.com
230,False,https://big-sale-furniture.com
232,False,https://blackmango.com.au
234,False,https://candb.ca
239,False,https://brownandbeam.com
242,False,https://taeillo.com
245,False,https://ubikhome.co.za
246,False,https://vintage-etc.com
247,False,https://youngath-art.com
248,False,https://hamac-shop.be
249,False,https://masayacompany.com
250,False,https://ikonitaly.com
251,False,https://arkaliving.com
254,False,https://oakvillage.co.uk
256,True,https://davidsfurniture.com
260,False,https://stacksfurniture.co.nz
261,False,https://vintagehomeboutique.ca
262,False,https://bydesignmodern.com
263,False,https://couchpotatocompany.com
266,False,https://laura-james.co.uk
268,False,https://mossgardenhome.com
269,False,https://amcfurniture.co.uk
270,False,https://timelessdesign.com.my
271,False,https://atomi.shop
275,False,https://mfdesign.com.my
277,False,https://mydiscountmalta.com
279,False,https://ifurnituresupply.com
280,False,https://lazysusansusa.com
282,False,https://willowcreekteak.com
284,False,https://hklivingusa.com
286,False,https://scenicdecor.ca
289,False,https://ambersfurniture.com
290,False,https://fredericksgallery.ca
291,False,https://18karatstore.com
295,False,https://equilibriumfurnishings.com
297,False,https://designhouse.com
298,False,https://mildanmarket.com
300,False,https://treaclegeorge.com
307,False,https://insaraf.com
308,False,https://homedesignstoreflorida.com
311,False,https://nsquarestudio.com
314,False,https://bedesign.fi
315,False,https://scanteak.com.sg
317,False,http://roomyroom.com
318,False,https://finnavenue.com
319,False,https://singaporetradingpost.com
320,False,https://singapore-furniture-sale.com
321,False,https://ministryofchair.com
322,False,https://1outdoorfurniture.com
323,False,https://wholesaleclassicfurniture.com
324,False,https://novena.com.sg
325,False,https://taylorbdesign.com
326,False,https://houseofanli.com
327,False,https://hemma.sg
328,False,https://wholesaleteakcompany.com
332,False,https://hmezsofa.sg
333,False,https://nookandcranny.com
334,False,https://vetrohome.com
336,True,https://epilog.co.id
338,False,https://solidaustin.com
339,False,https://alteriors.ca
340,False,http://italiafurniture.com
341,False,https://onske.co.uk
342,False,https://ilrestaurato.com
343,False,https://eurohausfurniture.com
344,False,https://ultimateliving.co.nz
346,False,https://zavedo.nz
349,False,https://hammockshop.co.nz
350,False,https://attichomestore.co.nz
351,False,https://urban-beach.co.nz
354,False,https://corcovado.co.nz
355,False,https://lujo.co.nz
356,False,https://lujoliving.com
357,False,https://shopden-la.com
361,False,https://sofasandmore.co.nz
363,False,https://bandhinidesign.com
364,False,https://case22.com.au
365,False,https://kwikshopnship.com.au
366,False,https://modernhomefurniture.com.au
367,False,https://nestz.com.au
368,False,https://kubekfurniture.com
372,False,https://augustusbrandt.co.uk
374,False,https://zipchair.com
376,False,https://maximahouse.com
378,False,https://woodaction.com
379,False,https://homesteadfurniturebc.com
380,False,https://popstrukt.com
381,False,https://dkmodernfurniture.com
382,True,https://woodtribe.co.nz
387,False,https://studioydesign.ca
388,False,https://pure-patio.com
389,False,https://jubileefurniturelv.com
390,False,https://madebyhame.com
392,False,https://interiorsinvogue.com
400,False,https://shop-ames-interiors.com
401,False,https://royalgarden.com
402,False,https://ezzo.co.uk
404,False,https://sakhome.co.uk
405,False,https://astellahrela.com
406,False,https://huxlo.co.uk
407,False,https://centralcoastfurniture.com
408,False,https://mandai-design.com
409,False,https://furnituresales.com.au
410,False,https://jarrahmarri.com.au
411,False,https://henryandoliverco.com
413,False,https://avehome.com
414,False,https://elephanthead.co.uk
415,False,https://mantrafurnishings.com
416,False,https://coolstuffandaccessories.com
418,False,https://ifortifi.ca
419,False,https://denvermodern.com
421,False,https://interiorliving.ca
423,False,https://french-classic-furniture.com
424,False,https://habitekshop.com
427,False,https://greensladesfurniture.co.nz
428,False,https://loomlan.com
429,False,https://plankandpipe.co.uk
431,False,https://polyteakoutdoor.com
433,False,https://modholic.com
434,False,https://walkeredisonshop.com
439,False,https://novomodern.com
440,False,https://yoyo.co.nz
441,False,https://newstartfurniture.com.au
444,False,https://thedesignedit.com.au
445,False,https://therusticfurniturestore.com
446,False,https://dormahome.com
448,False,https://panana.co.uk
449,False,https://mahliainteriors.com.au
452,False,https://choufani.com
453,False,https://copperbarnhome.com
454,False,https://wazofurniture.com
455,False,https://ofo.com.au
456,False,https://unitedoutdoorfurniture.com.au
460,False,https://simpli-home.com
462,False,https://mykahome.com.au
463,False,https://mrnanyang.com
464,False,https://naturalgeo.com
466,False,https://hamptonsstyle.com.au
467,False,https://henkalab.com
473,False,https://bydesigntexas.com
474,True,https://furnitureshop.net
477,False,https://grandads-shed.com
479,False,https://lavida-furniture.com
480,False,https://mydesignrepublic.com
484,False,https://modernityvintage.com
486,False,https://smallspaceplus.com
487,False,https://limitedabode.co.uk
489,False,https://welcometohome.com.au
490,False,https://totemroad.com
492,False,https://whataroom.com
495,False,https://penelopesgarden.us
500,False,https://grainwoodfurniture.com
501,False,https://davishomefurniture.com
504,False,https://homebarsusa.com
505,False,https://wellhunghammocks.com
506,False,https://nofred.com
507,False,https://brisbanefurniture.com.au
508,False,https://midcenturymasters.com
510,False,https://ledecostyle.com
511,False,https://classic2modern.com
512,False,https://mrandmrswhite.net
515,False,https://theteakplace.com.au
517,False,https://mymoderndecor.com
518,False,https://circa60.com
520,False,https://elanfurniturecorp.com
521,False,https://thecountryfurniture.com
522,False,https://lamporia.com
523,False,https://reecefurniture.com
526,False,https://thecurious.mx
527,False,https://prestige-affairs.com
529,False,https://vanspecial.com
531,False,https://wbjamieson.com
534,False,https://canvasinteriors.com
536,False,https://parliamentinteriors.com
537,False,https://sunshinefurniture.com.au
538,True,https://bbfurniturestore.co.uk
540,False,https://elinahome.com
541,False,https://finditstyleithome.com.au
542,False,https://medleyhome.com
544,False,https://humblecrew.com
546,False,https://uniqwafurniture.com.au
547,False,https://woodshopfogoisland.ca
548,False,https://profilesny.com
550,False,https://thefurniturefactory.org.uk
551,False,http://mollanbros.co.uk
552,False,https://atouchoffurniture.co.uk
553,False,https://tiger-oak.com
556,False,https://jordansinteriors.ca
559,False,https://bestfurniture.co.nz
562,False,https://lexiconhome.com
566,False,https://adona.in
569,False,https://nativelifestyle.co.uk
572,False,https://thenineschools.co.uk
574,False,https://yourpatiostore.com
575,False,https://bohincstudio.com
579,False,https://ingoodcompany.com.au
580,True,https://myshopify.com
582,False,https://saladinostyle.com
583,False,https://finelinefurnitureandaccessories.com
584,False,https://bungalowfurniture.com
589,False,https://donar.si
591,False,https://foreverfurniture.ca
592,False,https://gblfurniture.com
593,False,https://sigmanmills.com
597,False,https://hopperstudio.com
602,False,https://centralliving.co.uk
605,False,https://headandhaft.co.uk
607,False,https://pepegarden.co.uk
611,False,https://settlehome.co.uk
612,False,https://simplyhammocks.co.uk
614,False,https://tiffanyjayne.co.uk
615,False,https://whytesofcrossgar.co.uk
616,False,https://glenwoodfurnishings.co.uk
619,False,https://lloydloom-uk.co.uk
623,False,https://askewsfurniture.co.uk
624,False,https://theattikstannes.co.uk
625,False,http://andywilx.co.uk
626,False,https://bridgnorthfurniture.co.uk
628,False,http://davidmoura.co.uk
629,False,https://theurbaneditions.com
630,False,http://furniture4lettings.co.uk
631,False,https://furnituredirectonline.co.uk
634,False,https://hanchicsfurniture.co.uk
646,False,https://simplyhomeinteriors.co.uk
651,False,https://littletulip.com
652,False,https://uniquehomefurnishing.co.uk
653,False,https://urbansize.co.uk
654,False,https://modernfurnituredeals.co.uk
655,False,https://abowed.co.uk
657,False,https://outletbarn.co.uk
659,False,https://rightprice.co.uk
662,False,https://maisonandgarden.co.uk
666,False,https://auburnfox.co.uk
670,False,https://rusticland.co.uk
671,False,https://quaysideinteriors.co.uk
680,False,https://elegancehomefurniture.co.uk
682,False,https://hemmingandwills.co.uk
689,False,https://onlydiningchairs.com.au
692,False,https://collectioni.com
693,False,https://noho.co
695,False,https://savannahspace.com
697,False,https://sundays-company.com
698,False,https://thebeachfurniture.com.au
700,False,https://superdealfurnituregallery.com
701,False,https://signaturefinefurniture.ca
705,False,https://mwfurnitureoutlet.com
